Date,Open,Close,High,Low,RSI
2021-11-01,47.92,49.96,49.96,47.48,67.15986757
2021-11-02,49.94,51.82,51.82,49.94,70.3517987
2021-11-03,52.07,53.67,53.81,51.43,73.14741858
2021-11-04,55.27,59.08,59.8,54.62,79.29566513
2021-11-05,60.04,60.91,62.4,59.21,80.88960997
2021-11-08,62.15,63.54,64.7,61.5,82.92422302
2021-11-09,65.3,63.4,65.62,61.43,82.42117661
2021-11-10,59.71,57.95,62.49,57.08,65.70987021
2021-11-11,60.72,61.64,61.99,59.37,70.12633388
2021-11-12,62.22,63.35,64.25,61.17,71.93057071
2021-11-15,64.68,63.2,64.7,61.29,71.52250736
2021-11-16,62.53,66.15,66.42,62.12,74.5771082
2021-11-17,66,64.52,66.13,63.7,70.10267934
2021-11-18,67.87,67.98,68.9,66.03,73.70862039
2021-11-19,67.86,68.61,69.87,66.88,74.31605183
2021-11-22,69.65,65.43,72.48,65.24,66.02408526
2021-11-23,64.79,64.74,66.6,61.37,64.34641757
2021-11-24,62.99,66.88,66.9,61.21,67.13561007
2021-11-26,63.1,61.37,64.98,59.85,55.16850648
2021-11-29,64.11,68.41,68.67,63.24,63.99853372
2021-11-30,67.62,64.67,69.3,62.9,57.51725613
2021-12-01,67.75,63.16,70.92,63.05,55.09140324
2021-12-02,60.99,63.25,64.74,59.69,55.21265049
2021-12-03,65.9,62.93,67.95,60.7,54.64770506
2021-12-06,62.06,62.6,63.29,56.78,54.03368698
2021-12-07,66.76,71.99,72.52,66.72,65.80667894
2021-12-08,70.93,70.69,71.2,68.49,63.38618374
2021-12-09,69.43,65.9,71.59,65.66,55.31310587
2021-12-10,69.46,67.6,70.45,65.17,57.38744702
2021-12-13,68.02,62.34,68.71,62,49.70006484
2021-12-14,60,61.52,62.37,58.94,48.60693291
2021-12-15,61.84,68.12,68.34,59.24,56.83602339
2021-12-16,69.01,59.23,69.5,58.02,46.12309401
2021-12-17,57.34,58.96,61.58,56.86,45.84048859
2021-12-20,56.14,57.55,58.76,55.47,44.31349204
2021-12-21,61.17,63.5,63.69,58.77,51.6350294
2021-12-22,62.47,65.38,65.53,61.61,53.70613073
2021-12-23,66,67.41,68.75,65.92,55.90202746
2021-12-27,68.1,72.99,73,68,61.33162016
2021-12-28,74.07,70.52,74.07,69.57,57.93137742
2021-12-29,70.42,71,72.23,69.6,58.41388353
2021-12-30,70.5,68.36,71.34,67.89,54.69798997
2021-12-31,68.7,68.01,70.1,67.83,54.20567758
2022-01-03,69.05,72.1,72.11,68.39,58.86498151
2022-01-04,72.58,71.07,74.21,66.04,57.28430269
2022-01-05,69.59,64.01,71.42,63.94,47.80799212
2022-01-06,64.09,65.54,66.39,61.85,49.7481072
2022-01-07,65.08,59.74,66.05,59.14,43.19328431
2022-01-10,57.34,60,60.19,53.82,43.55233883
2022-01-11,59.09,63.29,63.44,57.88,48.02876076
2022-01-12,64.99,64.58,66.4,62.64,49.71268297
2022-01-13,67.5,60.2,69.18,59.58,44.44682893
2022-01-14,58.76,64.48,64.54,58.56,50.01826653
2022-01-18,60.91,55.98,61.38,55.5,41.18439721
2022-01-19,57.48,50.82,58.15,50.73,36.92139204
2022-01-20,52.12,45.99,53.2,45.81,33.43288857
2022-01-21,45.22,43.71,48.93,43.4,31.90062767
2022-01-24,41,45.45,45.48,36.62,34.37259724
2022-01-25,41.77,40.19,43.35,39.38,30.73994161
2022-01-26,43.78,42.12,47.1,40.1,33.51634776
2022-01-27,43.4,36.36,43.45,36,29.69096954
2022-01-28,36.37,38.41,38.41,33.1,32.63776662
2022-01-31,38.99,44.58,44.75,38.3,40.69435447
2022-02-01,45.89,45.91,46.1,42.29,42.29644983
2022-02-02,48.47,49.34,49.5,46.46,46.32364351
2022-02-03,45.58,42.63,47.8,42.15,40.38564493
2022-02-04,42.08,43.46,44.52,40.37,41.38650928
2022-02-07,43.64,43.41,45.52,42.86,41.34148083
2022-02-08,42.75,46.6,46.88,42.54,45.42143839
2022-02-09,48.43,51.02,51.23,46.71,50.55333421
2022-02-10,47.58,46.42,52.21,45.58,45.73371755
2022-02-11,46.56,39.54,47.65,38.42,39.64572216
2022-02-14,39.75,39.59,41.85,37.86,39.70853665
2022-02-15,41.9,46.01,46.29,41.67,47.29368665
2022-02-16,44.07,46.1,46.5,43.04,47.39360358
2022-02-17,44.12,40.87,44.39,40.67,42.36727556
2022-02-18,41.14,39.63,41.35,37.77,41.25025188
2022-02-22,38.23,38.61,41.56,36.83,40.30880687
2022-02-23,40.07,35.91,41.3,35.63,37.84649908
2022-02-24,31.81,39.94,40.05,31.55,43.40370352
2022-02-25,40,41.78,41.84,38.16,45.78707153
2022-02-28,40.2,41.01,42.23,38.56,44.93428851
2022-03-01,40.78,36.58,41.3,35.35,40.2854776
2022-03-02,37.47,40.12,40.88,37.23,45.16736076
2022-03-03,40.65,37.55,40.87,36.82,42.45380598
2022-03-04,36.63,34.77,37.42,33.36,39.67697893
2022-03-07,34.82,29.58,35.6,29.5,35.06569468
2022-03-08,29.67,31.16,34.34,28.48,37.44906494
2022-03-09,34.12,34.93,35.66,33.07,42.84016315
2022-03-10,33.07,32.75,33.2,30.8,40.65799019
2022-03-11,34.16,30.69,34.42,30.5,38.6542969
2022-03-14,30.01,27.91,30.85,27.3,36.0708254
2022-03-15,28.45,31.51,31.72,28.01,41.52143403
2022-03-16,33.04,36.3,36.4,32.06,47.887949
2022-03-17,35.25,36.95,37,34.32,48.70406248
2022-03-18,36.61,39.17,39.67,35.6,51.49787616
2022-03-21,38.7,39,39.97,36.88,51.26760575
2022-03-22,38.79,39.59,41.02,38.63,52.06864954
2022-03-23,38.51,36.69,39.99,36.59,47.90080079
2022-03-24,37.82,42.09,42.25,37.3,55.1068348
2022-03-25,42.07,42.01,42.37,39.75,54.9854975
2022-03-28,41.2,42.71,42.81,39.32,55.90048552
2022-03-29,44.84,45.58,46,43.11,59.53242553
2022-03-30,44.71,41.35,45.2,40.68,52.64993179
2022-03-31,41.26,38.78,41.84,38.42,48.94739588
2022-04-01,39.07,36.29,39.33,34.62,45.60136306
2022-04-04,36.58,37.96,38.22,36.17,48.16089137
2022-04-05,37.09,32.88,37.24,32.53,41.72895995
2022-04-06,30.85,30.51,32.1,29.56,39.10504929
2022-04-07,30.25,30.51,31.42,28.66,39.10504929
2022-04-08,29.86,28.29,29.96,28.15,36.60458333
2022-04-11,27.04,26.49,27.71,26.34,34.66890813
2022-04-12,28.04,26.24,28.84,25.86,34.39684616
2022-04-13,26.77,28.03,28.54,26.31,38.13998058
2022-04-14,28.55,25.61,28.62,25.54,35.21461176
2022-04-18,25.26,26.98,27.67,25.16,38.10875018
2022-04-19,26.68,28.75,28.89,26.22,41.73051931
2022-04-20,30.07,28.5,30.85,28.24,41.36234953
2022-04-21,29.6,26.21,30.57,25.81,38.05075061
2022-04-22,26.1,24.45,26.56,24.37,35.68596464
2022-04-25,23.89,25.67,25.76,23.67,38.53744929
2022-04-26,24.71,22.43,24.9,22.35,34.20064842
2022-04-27,21.62,21.95,23.59,21.48,33.59743152
2022-04-28,23.2,25.58,26.3,22.4,41.93775774
2022-04-29,24.3,22.24,25.95,22.1,37.29597651
2022-05-02,22.38,24.5,24.55,21.81,41.97585789
2022-05-03,24.33,25.11,25.68,23.75,43.20792191
2022-05-04,25.69,28.02,28.14,23.3,48.79384035
2022-05-05,26.53,23.99,26.62,22.75,42.55186348
2022-05-06,23.24,23.35,24.87,21.94,41.6408263
2022-05-09,21.82,19.72,22.6,19.32,36.8249922
2022-05-10,21.45,21.09,22.15,19.72,39.66125879
2022-05-11,20.53,19.15,22,18.97,37.11985396
2022-05-12,18.51,19.41,19.99,17.96,37.6960618
2022-05-13,20.57,22.49,22.91,20.18,44.21726148
2022-05-16,21.86,21.37,22.51,21.2,42.47621718
2022-05-17,23.08,24.58,24.74,22.84,48.70962507
2022-05-18,23.4,20.85,24.34,20.53,42.89321296
2022-05-19,20.55,20.51,22.04,19.9,42.39625161
2022-05-20,21.54,20.36,21.65,17.66,42.16415199
2022-05-23,19.93,20.63,20.83,19.45,42.77147081
2022-05-24,19.69,19.1,19.88,18.44,40.19567568
2022-05-25,18.73,20.19,20.72,18.72,42.83682658
2022-05-26,19.61,22.54,22.83,19.48,48.15312397
2022-05-27,23.6,25.26,25.44,23.59,53.53912071
2022-05-31,25.14,24.86,25.59,23.75,52.67255079
2022-06-01,25.34,23.71,25.72,22.71,50.15891117
2022-06-02,23.4,26.2,26.28,23.3,55.14971044
2022-06-03,24.55,23.93,24.95,23.5,50.21328678
2022-06-06,25.25,23.91,25.58,23.48,50.17067713
2022-06-07,23.01,24.6,24.74,22.54,51.69366754
2022-06-08,24.16,22.91,24.46,22.42,47.8371133
2022-06-09,22.39,21.09,23.56,21.03,44.02770509
2022-06-10,19.98,18.81,20.51,18.66,39.75651411
2022-06-13,16.92,15.55,17.41,15.34,34.58955161
2022-06-14,16.01,15.76,16.22,15.21,35.17402194
2022-06-15,16.35,16.61,17.43,15.47,37.60429112
2022-06-16,15.14,13.57,15.19,12.99,32.85960983
2022-06-17,13.65,13.7,14.02,12.78,33.24748478
2022-06-21,14.54,14.8,15.43,14.49,36.58580771
2022-06-22,14.04,14.29,14.97,13.94,35.69450696
2022-06-23,14.58,14.01,14.59,13.34,35.18766264
2022-06-24,14.64,15.81,15.85,14.57,40.98872278
2022-06-27,16.31,15.8,16.46,15.37,40.96678494
2022-06-28,16,14.56,16.58,14.52,38.23411741
2022-06-29,14,13.55,14.04,13.03,36.12065328
2022-06-30,13.03,13.1,13.83,12.38,35.18738474
2022-07-01,12.49,11.6,12.6,11.13,32.20076048
2022-07-05,10.74,11.85,11.9,10.53,33.21814589
2022-07-06,11.92,12.09,12.5,11.52,34.23835516
2022-07-07,12.91,13.71,13.89,12.91,40.81127359
2022-07-08,13.13,13.91,14.17,12.96,41.58750462
2022-07-11,13.25,12.91,13.45,12.65,38.84444284
2022-07-12,13.18,12.97,13.45,12.72,39.10397883
2022-07-13,12.18,13.29,13.56,12.13,40.55300089
2022-07-14,13.16,14.07,14.26,12.54,44.04787832
2022-07-15,14.75,15.11,15.15,14.04,48.4034586
2022-07-18,15.83,14.92,16.18,14.63,47.67331255
2022-07-19,15.61,16.95,17.17,15.5,55.4121693
2022-07-20,16.83,18.2,18.44,16.5,59.39449803
2022-07-21,18.52,19.1,19.12,17.68,62.02441715
2022-07-22,18.84,17.65,18.91,17.15,55.75857629
2022-07-25,17.23,17.3,17.37,16.43,54.33180127
2022-07-26,16.93,16.43,17.24,16.25,50.84874904
2022-07-27,17.32,18.73,19.12,17.17,58.434996
2022-07-28,18.85,19.37,19.52,17.58,60.27246831
2022-07-29,18.57,19.83,19.99,18.32,61.5868908
2022-08-01,19.41,20.01,20.6,19.03,62.11510352
2022-08-02,19.43,19.92,20.87,19.11,61.65856493
2022-08-03,19.98,21.55,21.72,19.87,66.46582569
2022-08-04,21.47,22.07,22.27,21.22,67.85067218
2022-08-05,20.96,21.56,22.12,20.57,65.01485561
2022-08-08,20.65,20.54,21.39,19.57,59.64556604
2022-08-09,19.23,17.69,19.23,16.91,47.77362368
2022-08-10,19.08,19.91,20.02,18.39,55.24614059
2022-08-11,20.47,19.78,21.6,19.68,54.75211102
2022-08-12,20.24,21.6,21.72,19.98,60.12779762
2022-08-15,21.24,21.78,21.97,20.8,60.6260285
2022-08-16,21.48,21.14,21.74,20.39,57.85772366
2022-08-17,20.18,19.55,20.2,18.71,51.5588894
2022-08-18,19.72,20.89,21.36,19.5,55.91484612
2022-08-19,20.06,19.17,20.38,18.89,49.73294602
2022-08-22,18.1,17.04,18.15,16.77,43.34232718
2022-08-23,17.08,17.33,18.06,17.01,44.39006873
2022-08-24,17.25,17.41,17.59,16.77,44.69390881
2022-08-25,17.46,19.32,19.38,17.42,51.50638966
2022-08-26,19.25,15.98,19.33,15.95,41.80818353
2022-08-29,15.48,15.05,16.05,14.95,39.57379269
2022-08-30,15.5,14.47,15.57,13.96,38.20253294
2022-08-31,14.69,14.04,14.7,13.66,37.17409611
2022-09-01,13.03,13.22,13.26,11.97,35.22655892
2022-09-02,13.84,12.86,14.14,12.63,34.37510201
2022-09-06,12.91,12.42,13.03,12.07,33.3151905
2022-09-07,12.42,12.99,13.31,12.23,36.0654161
2022-09-08,12.64,13.65,13.8,12.37,39.19258754
2022-09-09,14.26,14.65,14.85,14.19,43.68692653
2022-09-12,14.83,14.78,15.05,14.3,44.26366083
2022-09-13,13.15,12.09,13.49,11.95,36.03877035
2022-09-14,12.28,12.46,12.74,11.94,37.75210267
2022-09-15,12.23,11.91,12.67,11.59,36.19979925
2022-09-16,11.47,12.06,12.1,11.18,36.96110189
2022-09-19,11.61,12.26,12.44,11.57,38.02301541
2022-09-20,11.85,11.7,12.04,11.43,36.1849892
2022-09-21,11.76,11.4,12.92,11.38,35.2032287
2022-09-22,11.17,10.51,11.32,10.25,32.39514249
2022-09-23,10.07,10.03,10.14,9.45,30.96072689
2022-09-26,9.91,9.55,10.36,9.5,29.5515669
2022-09-27,10.04,9.81,10.28,9.39,31.37360369
2022-09-28,9.57,10.17,10.35,9.44,33.92194104
2022-09-29,9.7,9.29,9.74,8.8,30.90124797
2022-09-30,8.9,8.86,9.61,8.74,29.51805094
2022-10-03,9.09,9.7,10,8.88,35.58398133
2022-10-04,10.58,11.04,11.1,10.54,43.88129241
2022-10-05,10.53,11.42,11.66,10.21,46.00530962
2022-10-06,11.29,11.19,11.92,11.05,44.89765851
2022-10-07,10.18,9.21,10.28,9,36.70473103
2022-10-10,9.07,8.28,9.09,7.86,33.60305376
2022-10-11,7.81,7.57,8.02,7.2,31.42011095
2022-10-12,7.49,7.34,7.62,7.23,30.72381648
2022-10-13,6.42,8,8.36,6.21,35.1640125
2022-10-14,8.26,6.93,8.27,6.87,31.62506484
2022-10-17,7.47,7.33,7.67,7.2,34.28753277
2022-10-18,8.04,7.4,8.21,7.04,34.7662538
2022-10-19,7.27,7.57,7.8,7.2,35.98593328
2022-10-20,7.7,7.7,8.42,7.59,36.95664843
2022-10-21,7.65,8.58,8.64,7.55,43.23207707
2022-10-24,8.64,8.68,8.81,8.08,43.91528147
2022-10-25,8.8,9.26,9.47,8.75,47.83655045
2022-10-26,8.74,9.01,9.67,8.55,46.33282829
2022-10-27,9.16,8.52,9.44,8.48,43.44987858
2022-10-28,8.56,9.5,9.56,8.49,50.13295691
2022-10-31,9.3,8.92,9.35,8.75,46.62128563
2022-11-01,9.41,9.1,9.52,8.94,47.84234776
2022-11-02,9.27,8.24,9.77,8.2,42.80424392
2022-11-03,7.78,7.89,8.29,7.53,40.9158172
2022-11-04,8.72,8.99,9.06,8.42,48.59212351
2022-11-07,9.27,9.59,9.69,8.88,52.23725804
2022-11-08,10.11,10.17,10.56,9.61,55.52051642
2022-11-09,9.74,9.24,9.82,9.18,49.62943798
2022-11-10,10.8,12.08,12.17,10.56,62.65938944
2022-11-11,12.28,13.22,13.41,11.83,66.41501553
2022-11-14,12.99,12.77,13.51,12.73,63.69183135
2022-11-15,14.34,13.87,14.44,13.31,67.22906997
2022-11-16,12.93,12.13,12.99,11.87,57.65988344
2022-11-17,11.34,12.37,12.58,11.31,58.53654128
2022-11-18,12.99,12.49,13.03,12.07,58.993717
2022-11-21,12.07,11.89,12.2,11.74,55.68750941
2022-11-22,12.14,12.9,12.94,11.85,59.77430334
2022-11-23,12.9,13.32,13.75,12.84,61.36980083
2022-11-25,13.13,12.86,13.26,12.83,58.6270653
2022-11-28,12.36,11.84,12.76,11.6,52.97358825
2022-11-29,11.95,11.73,12.18,11.5,52.38688666
2022-11-30,11.84,13.82,13.85,11.52,61.18345092
2022-12-01,14.09,13.5,14.13,12.94,59.37470995
2022-12-02,12.49,13.03,13.13,12.3,56.72236912
2022-12-05,12.8,12.59,13.16,12.2,54.27786868
2022-12-06,12.54,11.72,12.6,11.38,49.71561113
2022-12-07,11.41,11.7,11.93,11.33,49.61237245
2022-12-08,11.89,12.62,12.72,11.65,54.31230294
2022-12-09,12.49,12.32,12.99,12.18,52.5896956
2022-12-12,12.14,12.98,13.01,11.94,55.90330618
2022-12-13,14.72,13.63,14.91,13.14,58.9465222
2022-12-14,13.51,13,14.03,12.54,54.98567414
2022-12-15,12.23,11.4,12.38,11.32,46.44930258
2022-12-16,11.2,11.11,11.48,10.77,45.08314542
2022-12-19,11.12,10.69,11.15,10.35,43.10575381
2022-12-20,10.25,10.41,10.75,10.16,41.78979546
2022-12-21,10.63,11.14,11.27,10.6,46.38536915
2022-12-22,10.54,9.78,10.56,9.11,40.04279284
2022-12-23,9.59,9.77,9.81,9.23,39.99948317
2022-12-27,9.58,9.27,9.59,9.13,37.79815032
2022-12-28,9.1,8.86,9.43,8.74,36.04632475
2022-12-29,9.28,9.67,9.83,9.18,41.78655677
2022-12-30,9.27,9.67,9.7,9.06,41.78655677
2023-01-03,10.17,9.36,10.21,9.19,40.18559704
2023-01-04,9.88,10.07,10.27,9.58,45.34994789
2023-01-05,9.8,9.57,10,9.53,42.56294165
2023-01-06,9.95,10.87,11.07,9.56,50.99543021
2023-01-09,11.53,11.53,12.27,11.28,54.63670482
2023-01-10,11.38,11.97,11.99,11.19,56.93414067
2023-01-11,11.98,12.4,12.43,11.65,59.11345404
2023-01-12,12.59,12.82,13.08,11.82,61.17983081
2023-01-13,12.36,12.95,13,12.27,61.82297727
2023-01-17,12.88,13.06,13.43,12.67,62.39075854
2023-01-18,13.45,12.82,13.76,12.81,60.28414278
2023-01-19,12.48,11.77,12.52,11.62,52.01013732
2023-01-20,12.11,12.79,12.86,11.75,58.03558649
2023-01-23,13.18,14.74,14.91,13.13,66.65519002
2023-01-24,14.29,14.44,14.85,14.16,64.46148726
2023-01-25,13.71,14.53,14.63,13.33,64.83538737
2023-01-26,15.02,15.24,15.3,14.3,67.72062736
2023-01-27,14.5,14.98,15.36,14.35,65.5980349
2023-01-30,14.35,13.8,14.62,13.73,56.88382911
2023-01-31,13.67,14.52,14.55,13.64,60.345345
2023-02-01,14.73,16.8,17.28,14.68,68.86869783
2023-02-02,17.33,17.92,18.4,17.01,72.04711428
2023-02-03,16.78,16.93,18.13,16.59,65.66520439
2023-02-06,16.12,16.1,16.86,15.85,60.80244582
2023-02-07,16.22,17.59,17.85,16.13,65.7114103
2023-02-08,17.33,16.49,17.69,16.35,59.76108767
2023-02-09,17.33,16.58,17.9,16.21,60.07960209
2023-02-10,16.06,15.8,16.22,15.25,55.94635441
2023-02-13,15.99,16.42,16.62,15.57,58.39641545
2023-02-14,16.06,17.33,17.53,15.67,61.75818495
2023-02-15,16.81,17.54,17.59,16.43,62.51102606
2023-02-16,16.65,16.28,17.17,16.18,55.45671076
2023-02-17,15.98,15.5,16.12,15.04,51.57647065
2023-02-21,14.79,14.01,15.31,13.89,45.08670075
2023-02-22,14.11,13.83,14.41,13.54,44.36051919
2023-02-23,15.13,15.08,15.34,14.28,50.34199341
2023-02-24,14.29,14.31,14.54,13.96,46.99077185
2023-02-27,14.96,14.5,15.01,14.5,47.91218923
2023-02-28,14.4,14.65,15.27,14.31,48.67075309
2023-03-01,14.81,14.68,15.22,14.48,48.83125326
2023-03-02,14.01,15.01,15.24,13.66,50.65891847
2023-03-03,15.05,15.68,15.77,14.65,54.23319391
2023-03-06,15.83,15.17,16.25,15.04,51.19320679
2023-03-07,15.19,14.65,15.42,14.49,48.22498394
2023-03-08,14.86,15.81,15.9,14.85,54.55506133
2023-03-09,15.75,14.91,16.54,14.8,49.49855556
2023-03-10,15.11,14.05,15.25,13.81,45.18848967
2023-03-13,13.61,14.02,14.54,13.15,45.04115383
2023-03-14,14.76,15.22,15.54,14.54,51.80955599
2023-03-15,14.6,14.69,14.85,13.75,48.94263825
2023-03-16,14.48,16.42,16.52,14.3,57.2569417
2023-03-17,16.49,16.13,16.9,15.83,55.62182296
2023-03-20,16.14,16.61,16.79,15.78,57.77141291
2023-03-21,17.01,16.67,17.53,15.94,58.04498059
2023-03-22,16.68,16.24,18.02,16.2,55.28099377
2023-03-23,17.02,17.49,18.17,16.63,61.08251988
2023-03-24,17.1,16.57,17.22,16.04,55.38715369
2023-03-27,16.76,15.97,16.92,15.81,51.98296327
2023-03-28,15.87,15.63,15.88,14.9,50.10370283
2023-03-29,16.34,17.08,17.47,16.3,57.20857763
2023-03-30,17.76,17.95,18.29,17.58,60.81399112
2023-03-31,17.56,18.3,18.34,17.43,62.19403274
2023-04-03,17.92,17.81,18.16,17.13,59.05819186
2023-04-04,17.87,16.79,17.9,16.51,53.06073247
2023-04-05,16.25,15.92,16.31,15.38,48.53350238
2023-04-06,15.45,15.66,16.01,15.09,47.23639814
2023-04-10,15.22,16.39,16.5,15.14,51.18144665
2023-04-11,16.72,16.21,16.79,16.11,50.18506272
2023-04-12,16.66,15.33,16.74,15.27,45.51947607
2023-04-13,15.39,15.67,15.95,15.04,47.5484256
2023-04-14,15.64,15.58,16.19,15.08,47.04893418
2023-04-17,15.1,15.58,15.62,14.95,47.04893418
2023-04-18,16.02,15.78,16.36,15.41,48.44472975
2023-04-19,15.2,15.26,15.38,14.98,45.11487779
2023-04-20,14.79,15.2,15.9,14.74,44.73281285
2023-04-21,15.09,14.86,15.09,14.48,42.53458863
2023-04-24,14.78,14.63,15.04,14.36,41.06449215
2023-04-25,14.42,13.2,14.42,13.17,33.34733104
2023-04-26,13.62,13.37,13.79,13.18,34.91329219
2023-04-27,13.33,13.54,13.6,12.52,36.51945212
2023-04-28,13.76,14.23,14.27,13.54,42.7001154
2023-05-01,14.46,14.66,14.79,14.32,46.21460929
2023-05-02,14.66,14.35,14.91,13.91,44.11391632
2023-05-03,14.12,13.84,14.62,13.81,40.82605228
2023-05-04,13.5,13.6,14,13.22,39.34011787
2023-05-05,13.62,14.47,14.68,13.44,46.88682066
2023-05-08,14.46,14.65,14.7,14.07,48.31940797
2023-05-09,14.07,13.94,14.12,13.74,43.35232184
2023-05-10,14.38,14.31,14.64,13.91,46.4421295
2023-05-11,14.33,14.07,14.43,13.64,44.73755579
2023-05-12,14.18,14.02,14.37,13.59,44.37216489
2023-05-15,14.1,15.11,15.14,13.97,53.32241251
2023-05-16,14.98,15.05,15.57,14.97,52.81863416
2023-05-17,15.48,16.14,16.34,15.14,60.17903427
2023-05-18,16.34,17.67,17.8,16.32,67.77769613
2023-05-19,17.59,17.39,17.64,17.06,65.32111995
2023-05-22,16.92,17.53,17.72,16.89,65.98496848
2023-05-23,17.2,16.92,17.55,16.79,60.5464673
2023-05-24,15.89,16.03,16.23,15.49,53.60453177
2023-05-25,18.16,19.15,19.39,17.63,67.62023134
2023-05-26,20.05,22.88,23.26,20.03,76.68735726
2023-05-30,24.57,22.87,24.8,22.59,76.6254068
2023-05-31,21.71,21.15,22.67,21.09,66.65192887
2023-06-01,21.48,22.16,22.75,20.83,69.18805345
2023-06-02,22.69,22.02,22.89,21.53,68.41141342
2023-06-05,21.75,20.97,21.81,20.66,62.72455764
2023-06-06,20.55,21.73,22.06,20.43,64.99290078
2023-06-07,22.15,21.64,23.1,21.49,64.4923962
2023-06-08,21.79,22.28,22.47,21.46,66.46982179
2023-06-09,23.03,22.4,23.49,22.08,66.84268038
2023-06-12,23.2,24.6,24.68,23.13,72.81185168
2023-06-13,25.79,25.56,26.08,24.72,74.93254608
2023-06-14,25.31,26.64,26.7,24.84,77.09690753
2023-06-15,25.75,25.95,26.57,25.42,72.77371921
2023-06-16,26.77,25.24,26.79,25.13,68.5162204
2023-06-20,24.86,24.65,25.55,23.98,65.10751529
2023-06-21,24.17,22.78,24.49,22.7,55.65635604
2023-06-22,22.28,23.1,23.38,22.22,56.81170473
2023-06-23,21.95,21.89,22.28,21.52,51.36233208
2023-06-26,22.32,22.09,23.32,22.05,52.17883575
2023-06-27,22.29,24.37,24.49,22.01,60.35053327
2023-06-28,23.18,23.72,24.43,23.11,57.34217542
2023-06-29,24.11,23.81,24.11,23.17,57.65691022
2023-06-30,24.57,24.83,25.17,24.29,61.15494517
2023-07-03,25.26,25.49,25.75,24.68,63.26939843
2023-07-05,24.99,23.85,25.18,23.83,55.22517627
2023-07-06,22.6,22.98,23.05,22.04,51.48548904
2023-07-07,23.08,22.96,24.03,22.83,51.39932005
2023-07-10,23.16,24.32,24.44,23.08,56.70561406
2023-07-11,24.68,24.34,24.74,23.28,56.78034596
2023-07-12,25.44,25.69,25.85,25,61.59879967
2023-07-13,26.51,27.28,27.45,26.21,66.35629395
2023-07-14,27.34,26.23,28.03,25.9,60.98324425
2023-07-17,26.28,28.06,28.53,25.77,66.13068774
2023-07-18,27.75,28.26,28.55,27.09,66.64855526
2023-07-19,28.41,27.29,28.44,27.04,61.71952702
2023-07-20,25.79,24.29,26.06,23.87,49.52129783
2023-07-21,25.01,24.92,25.59,24.5,51.68101071
2023-07-24,24.91,24.9,25.44,24.51,51.60552614
2023-07-25,25.31,26.13,26.59,25.31,55.87407988
2023-07-26,25.2,25.06,25.73,24.21,51.60948432
2023-07-27,27,26.46,28.05,26,56.30836781
2023-07-28,27.99,28.15,28.44,27.15,61.20556118
2023-07-31,28.46,28.41,28.75,27.95,61.91285318
2023-08-01,27.81,28.53,28.72,27.44,62.25489757
2023-08-02,27.5,25.28,27.5,24.79,49.33295151
2023-08-03,24.29,25.15,25.6,24.07,48.89576144
2023-08-04,24.82,24.88,25.95,24.08,47.94540768
2023-08-07,25.46,25.66,25.78,24.98,50.91359197
2023-08-08,24.5,24.46,24.55,23.43,46.51886176
2023-08-09,24.4,23.09,24.44,22.95,42.05565611
2023-08-10,23.66,22.81,24.41,22.31,41.18591757
2023-08-11,21.93,21.14,22,21,36.35655171
2023-08-14,20.86,22.93,22.96,20.66,43.9438302
2023-08-15,22.62,21.8,22.82,21.7,40.64928599
2023-08-16,21.71,20.53,21.78,20.47,37.26756044
2023-08-17,20.62,19.91,20.75,19.71,35.70586051
2023-08-18,19.22,20.15,20.43,19.11,36.80973835
2023-08-21,20.51,21.88,22.03,20.39,44.2413261
2023-08-22,22.71,21.35,22.82,21.1,42.58882571
2023-08-23,20.95,22.6,22.89,20.9,47.56351367
2023-08-24,23.89,20.41,23.92,20.24,40.8800761
2023-08-25,20.34,20.66,21.17,19.4,41.88400333
2023-08-28,21.26,21.42,21.59,20.76,44.94473656
2023-08-29,21.09,23.07,23.31,20.97,50.98076594
2023-08-30,22.92,23.4,23.7,22.37,52.1115965
2023-08-31,23.17,23.86,24.28,23.14,53.71448992
2023-09-01,24.35,24.02,24.51,23.51,54.28762229
2023-09-05,23.75,24.02,24.58,23.38,54.28762229
2023-09-06,23.87,23.44,24.29,22.66,51.60136006
2023-09-07,21.86,21.87,22.05,21,45.09638473
2023-09-08,21.72,21.5,22.19,21.22,43.6982928
2023-09-11,22.24,21.45,22.31,20.59,43.50202167
2023-09-12,21,20.94,21.98,20.85,41.45665556
2023-09-13,20.88,21.23,21.87,20.79,43.09507091
2023-09-14,21.86,21.65,21.93,21.05,45.47507409
2023-09-15,21.24,19.79,21.27,19.45,37.91266304
2023-09-18,19.29,19.93,20.18,19.2,38.73846238
2023-09-19,19.76,19.43,19.81,19.08,36.85319358
2023-09-20,19.66,18.48,19.92,18.44,33.51572068
2023-09-21,17.75,17.42,18.13,17.39,30.22646986
2023-09-22,17.9,17.84,18.37,17.63,33.03093951
2023-09-25,17.61,18.22,18.28,17.34,35.55482387
2023-09-26,17.74,17.24,17.92,16.99,32.18592198
2023-09-27,17.64,17.68,18.08,16.89,35.15667399
2023-09-28,17.57,18.64,19.22,17.34,41.20822059
2023-09-29,19.43,18.87,19.66,18.66,42.59059421
2023-10-02,18.95,19.08,19.58,18.43,43.88789749
2023-10-03,18.6,17.89,19.39,17.53,38.56913375
2023-10-04,18.18,18.64,18.81,17.77,43.23811091
2023-10-05,18.58,18.4,18.87,17.82,42.13452072
2023-10-06,18.02,19.47,19.79,17.66,48.45156373
2023-10-09,18.89,19.38,19.53,18.45,47.97713389
2023-10-10,19.56,20.05,20.62,19.29,51.76377775
2023-10-11,20.31,20.51,20.68,19.82,54.22718125
2023-10-12,20.67,20.68,21.57,20.09,55.13899686
2023-10-13,20.8,18.98,20.89,18.85,45.39952594
2023-10-16,19.13,19.81,20,19.1,50.03951547
2023-10-17,18.63,19.3,19.76,17.91,47.37541627
2023-10-18,18.37,18.28,18.79,17.98,42.50171978
2023-10-19,18.76,17.43,18.93,17.23,38.90948767
2023-10-20,17.42,16.64,17.79,16.57,35.87463104
2023-10-23,16.35,16.39,17.26,15.83,34.94571972
2023-10-24,16.66,17.04,17.13,16.42,39.34339297
2023-10-25,16.38,14.97,16.52,14.71,31.93871476
2023-10-26,15.13,14.73,15.68,14.48,31.20540118
2023-10-27,15.3,15.1,15.57,14.93,33.73152389
2023-10-30,14.82,14.53,15.11,14.02,31.79460536
2023-10-31,14.54,14.9,15.03,14.01,34.42677274
2023-11-01,14.95,15.95,16.02,14.93,41.34467583
2023-11-02,16.9,17.08,17.41,16.38,47.7351286
2023-11-03,17.6,18.38,18.76,17.5,53.95089868
2023-11-06,18.45,18.25,18.64,17.73,53.26865198
2023-11-07,18.16,18.6,18.88,18.06,54.92145841
2023-11-08,18.66,18.67,18.96,18.28,55.26226062
2023-11-09,19.04,18.39,19.7,18.28,53.51929974
2023-11-10,19.06,20.6,20.78,18.83,63.34584986
2023-11-13,20.11,20.02,20.2,19.58,59.77424881
2023-11-14,21.51,22.14,22.39,21.38,67.08044432
2023-11-15,22.61,22.63,23.18,22.17,68.50435434
2023-11-16,22.37,22.72,22.91,22.14,68.77153824
2023-11-17,22.47,23.13,23.29,22.37,70.01928868
2023-11-20,23.09,24.18,24.42,23.05,72.99512746
2023-11-21,23.57,22.84,23.6,22.45,64.23271082
2023-11-22,23.23,23,24.11,22.82,64.77641596
2023-11-24,22.97,23.09,23.15,22.75,65.09780963
2023-11-27,22.79,22.97,23.54,22.6,64.25594837
2023-11-28,22.5,22.54,22.89,21.97,61.20166536
2023-11-29,23.46,23.22,24.3,23.14,64.10721461
2023-11-30,23.45,22.81,23.47,22.19,61.13444823
2023-12-01,22.38,23.07,23.2,21.84,62.32748189
2023-12-04,22.36,22.31,22.44,21.29,56.83546105
2023-12-05,21.68,21.93,22.08,21.34,54.26095048
2023-12-06,22.83,21.47,22.89,21.41,51.2354004
2023-12-07,22.02,23.18,23.4,21.82,60.13435022
2023-12-08,23.01,23.7,24.04,22.95,62.38245457
2023-12-11,24.39,26.11,26.38,24.31,70.64476581
2023-12-12,25.75,26.65,26.72,25.6,72.12227382
2023-12-13,26.7,27.92,28.4,26.42,75.27428532
2023-12-14,28.62,30.19,30.49,28.61,79.69372766
2023-12-15,30.46,30.57,31.59,30.35,80.32762345
2023-12-18,30.56,30.29,30.71,29.46,78.38591154
2023-12-19,30.33,30.75,30.98,30.29,79.27236142
2023-12-20,30.2,28.1,30.62,28.05,63.19329029
2023-12-21,29.75,30.26,30.41,29.35,68.75612997
2023-12-22,30.62,30.51,31.08,29.88,69.33382692
2023-12-26,30.93,32.16,32.53,30.91,72.89587125
2023-12-27,32.56,32.35,32.74,31.84,73.28074511
2023-12-28,32.59,32.22,32.78,32.05,72.52194593
2023-12-29,32.17,31.4,32.35,30.89,67.75609425
2024-01-02,29.89,28.04,29.9,27.25,52.52456126
2024-01-03,26.59,26.25,27.05,25.88,46.52425869
2024-01-04,24.96,25.58,26.33,24.8,44.47618896
2024-01-05,25.65,25.93,26.62,25.4,45.81802072
2024-01-08,26.49,28.43,28.67,26.43,54.31144585
2024-01-09,27.5,28.42,29.14,27.35,54.27479612
2024-01-10,28.64,28.17,28.68,27.09,53.30633317
2024-01-11,28.25,28.46,29.04,26.78,54.3244813
2024-01-12,28.58,28.1,28.98,27.61,52.78576348
2024-01-16,28.15,29.19,29.83,27.7,56.77766905
2024-01-17,28.37,28.43,28.55,26.96,53.38825378
2024-01-18,30.72,31.19,31.31,29.81,62.21081897
2024-01-19,32.42,34.86,34.99,31.9,70.26919949
2024-01-22,35.68,35.26,36.57,34.22,70.99518671
2024-01-23,35.23,35.92,36.01,34.22,72.20137289
2024-01-24,37.1,37.42,38.92,36.26,74.76942284
2024-01-25,39.5,37.12,39.53,36.52,73.31073497
2024-01-26,34.87,34.01,35.55,33.7,60.19921629
2024-01-29,34.23,35.04,35.13,33.51,62.5858348
2024-01-30,34.56,33.53,35.13,33.05,57.173205
2024-01-31,31.92,32.1,33.87,31.14,52.53917053
2024-02-01,32.28,32.45,32.72,31.2,53.53191659
2024-02-02,32.35,33.65,33.92,32.17,56.86346402
2024-02-05,34.55,35.1,35.6,33.42,60.5445013
2024-02-06,35.37,33.83,35.48,32.66,56.03426754
2024-02-07,34.44,35.36,35.49,33.46,59.90901551
2024-02-08,35.74,37.15,37.95,35.64,63.91577116
2024-02-09,37.86,39.32,39.54,37.17,68.0805583
2024-02-12,39.41,39.15,41.33,38.65,67.42401427
2024-02-13,35.71,36.84,37.96,35.16,59.08582422
2024-02-14,38.14,39.12,39.26,37.61,63.83920595
2024-02-15,40,39.11,40.12,38.5,63.80419306
2024-02-16,39.84,38.33,40.78,37.97,60.99418117
2024-02-20,37.24,36.42,37.67,34.66,54.64742141
2024-02-21,35.11,36.14,36.15,34.58,53.7642068
2024-02-22,40.45,41.42,42.05,39.87,65.18950104
2024-02-23,42.14,40.17,42.68,39.41,61.32588735
2024-02-26,41.22,41.21,41.8,40.4,63.27606109
2024-02-27,41.81,41.11,42.16,40.78,62.94737456
2024-02-28,39.74,39.8,40.5,39.15,58.64941672
2024-02-29,41.21,42.84,43.13,40.77,64.6768324
2024-03-01,44.4,48.33,48.95,44.24,72.47874641
2024-03-04,50,49.77,51.41,49,74.09496653
2024-03-05,48.01,46.84,49,45.26,65.64726186
2024-03-06,49.76,50.22,51.85,48.72,69.90928915
2024-03-07,52.15,55.32,56.06,52.1,74.95782141
2024-03-08,55.94,48.95,56.99,48.8,61.15627753
2024-03-11,46.94,46.77,47.79,45.1,57.26995113
2024-03-12,48.44,49.58,49.69,46,60.73374634
2024-03-13,47.9,46.08,48.04,45.09,54.77756455
2024-03-14,45.5,43.53,46.34,42.18,50.86372636
2024-03-15,41.81,42.74,44.14,41.62,49.67946209
2024-03-18,44.7,42.54,45.26,42.33,49.36609254
2024-03-19,40.71,41.42,41.95,38.94,47.55697477
2024-03-20,41.59,43.4,43.8,40.62,50.97729823
2024-03-21,47.62,46.31,48.76,46.06,55.56425255
2024-03-22,45.68,46.43,47.5,45.25,55.74813138
2024-03-25,44.5,45.89,47.17,44.14,54.65214874
2024-03-26,46.82,45.03,47.37,44.88,52.86949141
2024-03-27,46.23,46.5,46.54,43.91,55.53907015
2024-03-28,46.31,46.53,47.3,46.01,55.59435007
2024-04-01,46.73,47.99,49.99,46.72,58.31095881
2024-04-02,45.83,45.88,46.15,44.38,53.24158709
2024-04-03,44.29,46.19,47.18,44.21,53.87603289
2024-04-04,48.13,42.37,48.49,41.98,45.65527136
2024-04-05,42.7,43.62,44.53,41.94,48.42832949
2024-04-08,44.5,44,45.19,43.5,49.27570486
2024-04-09,45.37,45.39,45.85,43.17,52.35930871
2024-04-10,43.11,43.09,44.77,42.19,47.24171363
2024-04-11,43.71,45.8,46.05,42.66,53.06293463
2024-04-12,43.32,41.51,43.55,41.03,44.66189168
2024-04-15,42.99,39.78,43.4,39.1,41.78863999
2024-04-16,39.75,40.54,41.17,39.21,43.50803403
2024-04-17,40.6,37.06,40.85,36.64,37.97664057
2024-04-18,36.04,34.91,36.8,34.53,35.01480651
2024-04-19,33.96,30.79,34.58,30.2,30.16051001
2024-04-22,31.58,32.07,32.85,30.5,33.25637352
2024-04-23,32.82,34.11,34.66,32.59,37.97537158
2024-04-24,36.91,35.49,37.48,34.6,41.01363374
2024-04-25,35.28,37.41,38.18,34.64,45.0469277
2024-04-26,37.32,39.8,40.29,37.01,49.66109516
2024-04-29,39.6,40.61,40.83,38.71,51.15790777
2024-04-30,40.08,38.18,41.49,38.12,46.67411341
2024-05-01,36.08,34.37,38.06,33.65,40.65719997
2024-05-02,35.98,36.45,36.91,34.12,44.83801197
2024-05-03,38.75,38.97,39.58,38.1,49.48170182
2024-05-06,39.97,41.3,41.38,39.48,53.38879435
2024-05-07,41.53,40.36,41.91,40.28,51.65315899
2024-05-08,39.06,40.41,40.5,38.96,51.74302497
2024-05-09,40.4,39.96,40.62,39.31,50.82732822
2024-05-10,41.15,41.03,42.24,40.51,52.95905642
2024-05-13,41.6,41.27,42.07,41.08,53.4465535
2024-05-14,41.18,43.21,43.44,41.05,57.29877697
2024-05-15,44.67,47,47.07,43.99,63.63046546
2024-05-16,46.96,46.26,48.03,46.21,61.70654269
2024-05-17,47.01,45.4,47.38,44.33,59.45658721
2024-05-20,45.96,48.25,49.3,45.81,64.12496636
2024-05-21,46.55,47.98,48.19,46.41,63.38039835
2024-05-22,49.25,49.38,50,48.1,65.61014982
2024-05-23,53.15,48.81,53.2,47.55,63.90405654
2024-05-24,50.02,51.44,52.07,49.35,68.03434958
2024-05-28,53.34,54.04,54.89,51.75,71.50558804
2024-05-29,51.15,50.98,51.92,50.65,62.85451208
2024-05-30,50.84,50,51.34,48.98,60.33682402
2024-05-31,50.3,48.59,50.72,44.38,56.81088546
2024-06-03,50.81,48.59,50.93,46.12,56.81088546
2024-06-04,48.46,47.59,48.65,46.43,54.20542033
2024-06-05,50.03,53.52,53.87,49.56,64.57946659
2024-06-06,53.79,52.51,53.79,51.23,62.00315005
2024-06-07,52.23,51.87,52.9,50.81,60.35992612
2024-06-10,50.52,53.95,54.58,50.42,63.72474375
2024-06-11,53.38,54.17,54.48,51.7,64.07212204
2024-06-12,57.24,58.72,59.45,56.81,70.38799511
2024-06-13,60.07,60.86,61.49,58.3,72.80909418
2024-06-14,58.95,60.1,60.55,58.35,70.601382
2024-06-17,61,62.67,63.15,58.95,73.52485682
2024-06-18,63.42,65.24,66.19,63.1,76.08586946
2024-06-20,65.52,60.02,65.83,58.79,62.79835538
2024-06-21,58.42,58.2,60.18,56.03,58.93388177
2024-06-24,56.45,53.22,57.49,53.03,49.8874728
2024-06-25,54.23,55.3,55.45,52.35,53.12400788
2024-06-26,55.16,54.78,56.22,52.85,52.21605612
2024-06-27,54.33,53.8,55.58,52.82,50.46550819
2024-06-28,54.87,55.36,58.58,54.08,53.15761417
2024-07-01,55.36,55.36,55.55,52.25,53.15761417
2024-07-02,54.36,57.6,57.75,54.28,57.04527337
2024-07-03,58.1,60.39,61.51,57.18,61.34816283
2024-07-05,61.86,60.81,62.38,59.79,61.9658278
2024-07-08,62.26,64.31,64.5,62.2,66.7362563
2024-07-09,65.13,64.25,66.14,62.42,66.58208317
2024-07-10,65.89,68.59,69,65.01,71.67871206
2024-07-11,70.01,61.99,70.08,61.22,57.35346321
2024-07-12,62.84,63.94,67.3,61.65,59.90320941
2024-07-15,64.94,64.14,66.76,63.05,60.16626305
2024-07-16,65.02,65.3,65.59,62.23,61.73430255
2024-07-17,58.6,51.55,59.3,51.22,41.08774507
2024-07-18,54.16,51.66,54.17,49.12,41.25700411
2024-07-19,51.78,47,52.37,46.75,36.47588102
2024-07-22,50.05,52.93,52.95,48.81,45.18172815
2024-07-23,50.5,50.53,52.07,50,42.63501495
2024-07-24,48.43,42.9,48.79,42.25,35.73820958
2024-07-25,41.51,39.78,43.7,37.39,33.361675
2024-07-26,42.24,41.92,43,40.71,36.48167262
2024-07-29,43.37,41.81,45,41.26,36.38736552
2024-07-30,42.38,37.24,42.67,36.78,32.61514425
2024-07-31,42.3,44.39,44.76,41.42,42.63512962
2024-08-01,42.05,35,43.42,33.42,35.22677301
2024-08-02,30.56,29.34,31.59,28.14,31.65612112
2024-08-05,23.52,27.89,30.15,23.5,30.79494816
2024-08-06,28.6,28.58,30.8,27.17,31.7464804
2024-08-07,31.32,26.22,31.94,25.94,30.21619284
2024-08-08,28.57,31.46,31.59,26.87,37.42825854
2024-08-09,30.71,31.01,31.79,29.58,37.07390299
2024-08-12,31.1,31.41,32.59,30.23,37.63907974
2024-08-13,32.66,35.28,35.43,32.19,42.97550689
2024-08-14,36.18,35.05,36.64,33.27,42.74141385
2024-08-15,37.35,39.92,40.47,36.86,49.06767104
2024-08-16,38.79,39.73,40.23,38.07,48.84094594
2024-08-19,39.28,41.6,41.75,37.89,51.22949471
2024-08-20,41.05,40.09,41.92,39.1,49.23070242
2024-08-21,40.75,41.73,42.36,40.33,51.44644942
2024-08-22,42.51,37.51,42.88,37.11,45.8957835
2024-08-23,39.16,40.4,41.21,38.59,49.88363792
2024-08-26,39.75,37.37,40.29,36.91,46.05117169
2024-08-27,36.51,38.49,38.97,35.52,47.65212745
2024-08-28,38.09,36.6,38.86,35.29,45.21377464
2024-08-29,37.06,36.19,38.93,35.63,44.67966441
2024-08-30,38.68,38.79,39.22,37.06,48.80942
2024-09-03,36.8,30.07,36.81,29.4,38.44383028
2024-09-04,29.07,30.3,31.69,28.73,38.81293198
2024-09-05,29.05,29.75,31.2,28.83,38.22270988
2024-09-06,29.11,25.96,29.17,25.5,34.3466971
2024-09-09,27.18,27.43,27.73,26.15,37.01457883
2024-09-10,27.54,28.35,28.39,26.24,38.69365573
2024-09-11,28.89,32.22,32.42,27.08,45.29951815
2024-09-12,31.75,31.81,32.69,30.35,44.74938383
2024-09-13,32.52,33.43,33.72,32.36,47.46423519